group,value1,value2
400,4.338079853,5.148005459
450,3.917400709,4.76762393
500,3.277281389,4.686839945
550,2.55703927,4.964612925
600,2.336271788,4.625445238
650,3.531596614,3.107319425
700,2.402883438,4.145381702
750,2.663524013,3.829839528
800,2.428916588,3.892309233
850,2.455895257,3.83030506
900,2.246281326,3.976511404
950,1.94788842,4.229931315
1000,2.399279269,3.386369412
